scan_id,scan_date,sha256,sha1,md5,positives,total,permalink
aadc7e960d67cd37ef224c77117c9be140300c6d638b16d649dadee22e03b94d-1626410733,16-07-2021 04:45,aadc7e960d67cd37ef224c77117c9be140300c6d638b16d649dadee22e03b94d,2ea71961de2ecf6f27066dd8b7a4140f95cc04ae,00417653f6245dd39f114e4ad093b43f,12,68,https://www.virustotal.com/gui/file/aadc7e960d67cd37ef224c77117c9be140300c6d638b16d649dadee22e03b94d/detection/f-aadc7e960d67cd37ef224c77117c9be140300c6d638b16d649dadee22e03b94d-1626410733
"4E4B014604377B609ADD80E7F612ABE1 -----> The requested resource is not among the finished, queued or pending scans",,,,,,,
"7BAC80E6859430CA1F26F935852D01F9 -----> The requested resource is not among the finished, queued or pending scans",,,,,,,
"AEBF043A39D212BBD0FD608C972C5181 -----> The requested resource is not among the finished, queued or pending scans",,,,,,,
86eca2f6c3c53fd1325206b810b0cb2b6ee43ba77cdd918993ff2de8f3dccd67-1629380402,19-08-2021 13:40,86eca2f6c3c53fd1325206b810b0cb2b6ee43ba77cdd918993ff2de8f3dccd67,1cf24f747b48957fb0c36914a2b81142357d5484,c70889b47133396c23d32dd6c5720325,1,66,https://www.virustotal.com/gui/file/86eca2f6c3c53fd1325206b810b0cb2b6ee43ba77cdd918993ff2de8f3dccd67/detection/f-86eca2f6c3c53fd1325206b810b0cb2b6ee43ba77cdd918993ff2de8f3dccd67-1629380402
"A950305EBB090858F78ED7A5E7332E2A -----> The requested resource is not among the finished, queued or pending scans",,,,,,,
"C5C896E08FAA139498193A79C326FF2C -----> The requested resource is not among the finished, queued or pending scans",,,,,,,
cd2f8f60012f169a4501c6074f6e7599b239a101ca0fec806dad912f2c3bb4af-1626429695,16-07-2021 10:01,cd2f8f60012f169a4501c6074f6e7599b239a101ca0fec806dad912f2c3bb4af,ff505f36c8b591bf43c92171811135c008c5d26a,2c5140076bf00c3d77c30e4849107ae9,7,68,https://www.virustotal.com/gui/file/cd2f8f60012f169a4501c6074f6e7599b239a101ca0fec806dad912f2c3bb4af/detection/f-cd2f8f60012f169a4501c6074f6e7599b239a101ca0fec806dad912f2c3bb4af-1626429695
011b618d3d52261a4136201388020f1b9c98b43415a2c29f6e33cd3d7964938b-1626435699,16-07-2021 11:41,011b618d3d52261a4136201388020f1b9c98b43415a2c29f6e33cd3d7964938b,977146cb7e43e70ab6d586b2d891f9026b3db68f,d3d79f8f3809ae58a8d030de3f0f8abc,38,68,https://www.virustotal.com/gui/file/011b618d3d52261a4136201388020f1b9c98b43415a2c29f6e33cd3d7964938b/detection/f-011b618d3d52261a4136201388020f1b9c98b43415a2c29f6e33cd3d7964938b-1626435699
e68f11685b0a74d8b6f57647aadf97977c35fd7d774de64b5360961677c3ed33-1632200511,21-09-2021 05:01,e68f11685b0a74d8b6f57647aadf97977c35fd7d774de64b5360961677c3ed33,e9919b2cbacb4b8ccfcc0e7896237d3ad172f2a5,3493dcc0edda5e30e26aa552d7edcc8c,1,53,https://www.virustotal.com/gui/file/e68f11685b0a74d8b6f57647aadf97977c35fd7d774de64b5360961677c3ed33/detection/f-e68f11685b0a74d8b6f57647aadf97977c35fd7d774de64b5360961677c3ed33-1632200511
efe782f2d88b8c5e7abb382bfe94fb20e14a57ec548d92693493f185b4e15bb2-1634683767,19-10-2021 22:49,efe782f2d88b8c5e7abb382bfe94fb20e14a57ec548d92693493f185b4e15bb2,fc930bfe940413c5c86020c1089ca0f3732a7789,5ee0a1bca69f9d0d1f9a24923e52f01b,27,67,https://www.virustotal.com/gui/file/efe782f2d88b8c5e7abb382bfe94fb20e14a57ec548d92693493f185b4e15bb2/detection/f-efe782f2d88b8c5e7abb382bfe94fb20e14a57ec548d92693493f185b4e15bb2-1634683767
c86ffe34fc33bd6bd456c2edb09cda8ffecdadb55e6c28454ab07f366f1e249e-1634162035,13-10-2021 21:53,c86ffe34fc33bd6bd456c2edb09cda8ffecdadb55e6c28454ab07f366f1e249e,fdb17621716119295cfb556cf1356dc289e15fae,638289a3e2fadb26fb06e2ca54b923fa,14,66,https://www.virustotal.com/gui/file/c86ffe34fc33bd6bd456c2edb09cda8ffecdadb55e6c28454ab07f366f1e249e/detection/f-c86ffe34fc33bd6bd456c2edb09cda8ffecdadb55e6c28454ab07f366f1e249e-1634162035
05595eae414f08ce57569ae338d12a373caf9b56970150987cd2db78ae05659c-1627076920,23-07-2021 21:48,05595eae414f08ce57569ae338d12a373caf9b56970150987cd2db78ae05659c,29d842fc4af2017d262997b262b8bd7aeee4e098,ac1e50e69e4b74ef020de708e32ac8bd,15,69,https://www.virustotal.com/gui/file/05595eae414f08ce57569ae338d12a373caf9b56970150987cd2db78ae05659c/detection/f-05595eae414f08ce57569ae338d12a373caf9b56970150987cd2db78ae05659c-1627076920
"1A43A53553D5EEFEDA02E7D9ACB6CCE9 -----> The requested resource is not among the finished, queued or pending scans",,,,,,,
"498A8AEA6E50D7AC413963C6A496A0AE -----> The requested resource is not among the finished, queued or pending scans",,,,,,,
16e61b14763506b61a130cb0cd828f74d90817b399f358d55a97644149909382-1626752610,20-07-2021 03:43,16e61b14763506b61a130cb0cd828f74d90817b399f358d55a97644149909382,95916f0e08e38ba203c795d382e40a2ea3c6e8ac,6ff884b56ad339d184f79527aca7db47,0,69,https://www.virustotal.com/gui/file/16e61b14763506b61a130cb0cd828f74d90817b399f358d55a97644149909382/detection/f-16e61b14763506b61a130cb0cd828f74d90817b399f358d55a97644149909382-1626752610
d7faa9c4ea32c5dbea4278e260963513390bfbf82515c9d7876fbeddd146f10e-1626752614,20-07-2021 03:43,d7faa9c4ea32c5dbea4278e260963513390bfbf82515c9d7876fbeddd146f10e,6a56b8febb52894e55b81895441d529c43a92265,929c7f7e7770f2e7cde00a04cc91854e,1,67,https://www.virustotal.com/gui/file/d7faa9c4ea32c5dbea4278e260963513390bfbf82515c9d7876fbeddd146f10e/detection/f-d7faa9c4ea32c5dbea4278e260963513390bfbf82515c9d7876fbeddd146f10e-1626752614
2c5f35fd3dff5f80300525b4be72821eaed7cc000b483212460685efc7ad6047-1634400203,16-10-2021 16:03,2c5f35fd3dff5f80300525b4be72821eaed7cc000b483212460685efc7ad6047,76a78040f517f28986525cfe70f8f6271c19f0ad,fad38e650676e9486bd4456ad15d1f3f,23,67,https://www.virustotal.com/gui/file/2c5f35fd3dff5f80300525b4be72821eaed7cc000b483212460685efc7ad6047/detection/f-2c5f35fd3dff5f80300525b4be72821eaed7cc000b483212460685efc7ad6047-1634400203
"3B40500ED2A420F526203B7F78D04B09 -----> The requested resource is not among the finished, queued or pending scans",,,,,,,
98994a3b354018901a0c04da4045ff77d1b52b460e3928c724286f38f0aa6a2a-1627040726,23-07-2021 11:45,98994a3b354018901a0c04da4045ff77d1b52b460e3928c724286f38f0aa6a2a,de7735af6e4f722040ad782034ff92965d64b11e,7c6daa2a0b2e2a7911b749132ef4c2cf,40,70,https://www.virustotal.com/gui/file/98994a3b354018901a0c04da4045ff77d1b52b460e3928c724286f38f0aa6a2a/detection/f-98994a3b354018901a0c04da4045ff77d1b52b460e3928c724286f38f0aa6a2a-1627040726
ed76dd949435bde965ed256494c4072b7304d4ff285149977cd21e216d0e650e-1626761372,20-07-2021 06:09,ed76dd949435bde965ed256494c4072b7304d4ff285149977cd21e216d0e650e,9af897669cd49c0a03f0ee058c94d6ccd580a0e3,cefd0b6a81c8a58e1696ae7cf4fb0868,44,68,https://www.virustotal.com/gui/file/ed76dd949435bde965ed256494c4072b7304d4ff285149977cd21e216d0e650e/detection/f-ed76dd949435bde965ed256494c4072b7304d4ff285149977cd21e216d0e650e-1626761372
3d17e2b228f4fa783f6663378d8f32c0bc8859efb358a574bd484dad3b243c7b-1634849081,21-10-2021 20:44,3d17e2b228f4fa783f6663378d8f32c0bc8859efb358a574bd484dad3b243c7b,c1df9689f788fa26115519fc5e36b8b29fc2218c,f38b3602203ae1e7ca6e875f6510abb3,23,68,https://www.virustotal.com/gui/file/3d17e2b228f4fa783f6663378d8f32c0bc8859efb358a574bd484dad3b243c7b/detection/f-3d17e2b228f4fa783f6663378d8f32c0bc8859efb358a574bd484dad3b243c7b-1634849081
"0EF5F6A26367A0C78D6996CB3F332921 -----> The requested resource is not among the finished, queued or pending scans",,,,,,,
"1DF64122E96064E22CE431753A2360C3 -----> The requested resource is not among the finished, queued or pending scans",,,,,,,
61fbf0a6084bd7bab3ed214f1c372a569af302ee353e59ddb4f9f65436bf9b55-1635499180,29-10-2021 09:19,61fbf0a6084bd7bab3ed214f1c372a569af302ee353e59ddb4f9f65436bf9b55,749822f7891caaca3fcda698a1f3a88afa76b26c,34fb289e9fee64cd7d4b588f0af35a87,4,68,https://www.virustotal.com/gui/file/61fbf0a6084bd7bab3ed214f1c372a569af302ee353e59ddb4f9f65436bf9b55/detection/f-61fbf0a6084bd7bab3ed214f1c372a569af302ee353e59ddb4f9f65436bf9b55-1635499180
"7AFEF5C1924EAD34BE8FB9A12F239151 -----> The requested resource is not among the finished, queued or pending scans",,,,,,,
a47954555f138b6c951091477cc08659d10eb2e16894a2b0de60ce84d4b5f68e-1635280529,26-10-2021 20:35,a47954555f138b6c951091477cc08659d10eb2e16894a2b0de60ce84d4b5f68e,f17d0da1e8a9dc0f60aff36c15e89b08c2e55aba,b27bf3dcf7f6befc64b03106b7ec35a4,24,69,https://www.virustotal.com/gui/file/a47954555f138b6c951091477cc08659d10eb2e16894a2b0de60ce84d4b5f68e/detection/f-a47954555f138b6c951091477cc08659d10eb2e16894a2b0de60ce84d4b5f68e-1635280529
"BDB3986145CFADDF9933F7970E22F5B8 -----> The requested resource is not among the finished, queued or pending scans",,,,,,,
a5f742d87a8d32cfca77bde99e0eb1cb4cbd0051de5357dbbb7f51db2a85fee4-1626861806,21-07-2021 10:03,a5f742d87a8d32cfca77bde99e0eb1cb4cbd0051de5357dbbb7f51db2a85fee4,3da916a5d85107594a903c42794017b5e675f092,fee6f18453719080e90c4690449a02f1,3,68,https://www.virustotal.com/gui/file/a5f742d87a8d32cfca77bde99e0eb1cb4cbd0051de5357dbbb7f51db2a85fee4/detection/f-a5f742d87a8d32cfca77bde99e0eb1cb4cbd0051de5357dbbb7f51db2a85fee4-1626861806
"4B07BF7389C0CB0BEA360C54160E3AE2 -----> The requested resource is not among the finished, queued or pending scans",,,,,,,
295ef9ecd464a3ce3956b44088f1dcbd97e1eb2699623c606ae34ef9f918523c-1633935898,11-10-2021 07:04,295ef9ecd464a3ce3956b44088f1dcbd97e1eb2699623c606ae34ef9f918523c,3a580b432f5de7336478768b3e05313a03e6d21b,705e0de4275efc3f1fed585a3c35a247,12,66,https://www.virustotal.com/gui/file/295ef9ecd464a3ce3956b44088f1dcbd97e1eb2699623c606ae34ef9f918523c/detection/f-295ef9ecd464a3ce3956b44088f1dcbd97e1eb2699623c606ae34ef9f918523c-1633935898
b6dfe1839752b15b2edd932dc605700d54930cfc892b4c36d650e70e05b718e4-1628555464,10-08-2021 00:31,b6dfe1839752b15b2edd932dc605700d54930cfc892b4c36d650e70e05b718e4,f8a38ba721421be4200f18895302f45aa78000cf,72c137efe88d3e115455378a53e1699d,45,69,https://www.virustotal.com/gui/file/b6dfe1839752b15b2edd932dc605700d54930cfc892b4c36d650e70e05b718e4/detection/f-b6dfe1839752b15b2edd932dc605700d54930cfc892b4c36d650e70e05b718e4-1628555464
8cc7f072575cbdfff5e7892cce26991f75a69badd2cc8ad5877c71451e840385-1627671388,30-07-2021 18:56,8cc7f072575cbdfff5e7892cce26991f75a69badd2cc8ad5877c71451e840385,be310135d7e874f451af835759551e5763ca2e41,81db2bde8945985ce805776f4358b5ef,13,69,https://www.virustotal.com/gui/file/8cc7f072575cbdfff5e7892cce26991f75a69badd2cc8ad5877c71451e840385/detection/f-8cc7f072575cbdfff5e7892cce26991f75a69badd2cc8ad5877c71451e840385-1627671388
938e29ed93872deed24d2f5c8317caa81b5fc51d909f89347b7d6182e269a069-1635371666,27-10-2021 21:54,938e29ed93872deed24d2f5c8317caa81b5fc51d909f89347b7d6182e269a069,342c4294cd12ac69f1d42580fa9749490fb4c18f,90b6f298a9dad5dc43220c056f09e246,28,68,https://www.virustotal.com/gui/file/938e29ed93872deed24d2f5c8317caa81b5fc51d909f89347b7d6182e269a069/detection/f-938e29ed93872deed24d2f5c8317caa81b5fc51d909f89347b7d6182e269a069-1635371666
0663af4692e19081e3afa8641ee7b9be3a54ec26c88a02bfee5265717c7037df-1627001932,23-07-2021 00:58,0663af4692e19081e3afa8641ee7b9be3a54ec26c88a02bfee5265717c7037df,6f7a53b769c9dc414c573ea9f13e51207a84673b,b54dbd344f0d32e443a3273377b0dc99,28,70,https://www.virustotal.com/gui/file/0663af4692e19081e3afa8641ee7b9be3a54ec26c88a02bfee5265717c7037df/detection/f-0663af4692e19081e3afa8641ee7b9be3a54ec26c88a02bfee5265717c7037df-1627001932
ce7631ce4c2db623fb57e48426d6af3688df480f79ab73d70668b8ac4529f504-1626961695,22-07-2021 13:48,ce7631ce4c2db623fb57e48426d6af3688df480f79ab73d70668b8ac4529f504,b16a1b7d39f8ff79dcb1b9659abe5ebec65907b0,e97095f7a58ca1c6c583bbd8ece4f6f4,23,70,https://www.virustotal.com/gui/file/ce7631ce4c2db623fb57e48426d6af3688df480f79ab73d70668b8ac4529f504/detection/f-ce7631ce4c2db623fb57e48426d6af3688df480f79ab73d70668b8ac4529f504-1626961695
1d0f57d2f0c24b6812f56b29d74b40bf48a90d4b0824f9e66e60c7de7fd48a4b-1633812491,09-10-2021 20:48,1d0f57d2f0c24b6812f56b29d74b40bf48a90d4b0824f9e66e60c7de7fd48a4b,6f71d7ec77a265ed519ff1f3abe25005d4c92992,c1f8a53fc91c813b1d8a66d70d30e2c9,44,69,https://www.virustotal.com/gui/file/1d0f57d2f0c24b6812f56b29d74b40bf48a90d4b0824f9e66e60c7de7fd48a4b/detection/f-1d0f57d2f0c24b6812f56b29d74b40bf48a90d4b0824f9e66e60c7de7fd48a4b-1633812491
22c433831f5e952c23dbd74259245eb1ac041c1afe09cf624f86eb7c8262edb0-1628166681,05-08-2021 12:31,22c433831f5e952c23dbd74259245eb1ac041c1afe09cf624f86eb7c8262edb0,b4e8176583c8a9a13f642cddd1f5312987d552df,e196045028aeb44a874a1b7eb0d3a76f,43,70,https://www.virustotal.com/gui/file/22c433831f5e952c23dbd74259245eb1ac041c1afe09cf624f86eb7c8262edb0/detection/f-22c433831f5e952c23dbd74259245eb1ac041c1afe09cf624f86eb7c8262edb0-1628166681
"06A863DE50C6E4425B466057C5665ED9 -----> The requested resource is not among the finished, queued or pending scans",,,,,,,
ada709d8d6d899b665d31ecc587b7625aa1aef08f4156dd3193eb85064188f8c-1635495698,29-10-2021 08:21,ada709d8d6d899b665d31ecc587b7625aa1aef08f4156dd3193eb85064188f8c,332edb969e47a8257253c9478e097d0990488da6,680d2ed84cddc43e783ffebfd1916be4,3,67,https://www.virustotal.com/gui/file/ada709d8d6d899b665d31ecc587b7625aa1aef08f4156dd3193eb85064188f8c/detection/f-ada709d8d6d899b665d31ecc587b7625aa1aef08f4156dd3193eb85064188f8c-1635495698
6004debd81c68b8ed28bdb44d9749917b2e98b1a4c8dfb4cffe0b8d62f12bd92-1628593660,10-08-2021 11:07,6004debd81c68b8ed28bdb44d9749917b2e98b1a4c8dfb4cffe0b8d62f12bd92,892382a182992caf794e5e69675fe0afbbfe7ac8,8a91f6fa28b52288c31cff2d8029377f,17,59,https://www.virustotal.com/gui/file/6004debd81c68b8ed28bdb44d9749917b2e98b1a4c8dfb4cffe0b8d62f12bd92/detection/f-6004debd81c68b8ed28bdb44d9749917b2e98b1a4c8dfb4cffe0b8d62f12bd92-1628593660
"A45995EB93ABA1C34E3D778F51178C90 -----> The requested resource is not among the finished, queued or pending scans",,,,,,,
d284b2b5a10c263f551604a4a2a6ff34c6ba2a46578c92ed7dda5227c93bbcfa-1630023532,27-08-2021 00:18,d284b2b5a10c263f551604a4a2a6ff34c6ba2a46578c92ed7dda5227c93bbcfa,b787c49b08d2ac0e183b82fb4a9b1375b1f7f5d2,e59226a18d70150694cad05d3a1d197f,0,67,https://www.virustotal.com/gui/file/d284b2b5a10c263f551604a4a2a6ff34c6ba2a46578c92ed7dda5227c93bbcfa/detection/f-d284b2b5a10c263f551604a4a2a6ff34c6ba2a46578c92ed7dda5227c93bbcfa-1630023532
652d1b8f987d37e027244e6eb8f7d60b366716d1aa00a461bfb61d1c55f2bd0e-1627463885,28-07-2021 09:18,652d1b8f987d37e027244e6eb8f7d60b366716d1aa00a461bfb61d1c55f2bd0e,c32bcf42cb98b5701440da8caa2307105f2781cf,bac13dfbe1acf8abfa20d15039281c2b,20,67,https://www.virustotal.com/gui/file/652d1b8f987d37e027244e6eb8f7d60b366716d1aa00a461bfb61d1c55f2bd0e/detection/f-652d1b8f987d37e027244e6eb8f7d60b366716d1aa00a461bfb61d1c55f2bd0e-1627463885
"0DB0D8E6DED6D711948B4B0B4E80E00E -----> The requested resource is not among the finished, queued or pending scans",,,,,,,
eb24370166021f9243fd98c0be7b22ab8cbc22147c15ecef8e75746eb484bb1a-1635240439,26-10-2021 09:27,eb24370166021f9243fd98c0be7b22ab8cbc22147c15ecef8e75746eb484bb1a,9b6a4bf704d4b430bc18caaef42648e743556dff,580f30acd2a0828b174ba827fd6f4bb4,46,69,https://www.virustotal.com/gui/file/eb24370166021f9243fd98c0be7b22ab8cbc22147c15ecef8e75746eb484bb1a/detection/f-eb24370166021f9243fd98c0be7b22ab8cbc22147c15ecef8e75746eb484bb1a-1635240439
"A0A5E48066B0B6FEEECA25746D0EF933 -----> The requested resource is not among the finished, queued or pending scans",,,,,,,
743edf989324fe3673cc05d95e1554054d5606df3677ca75cdc58426e753dcb2-1631439313,12-09-2021 09:35,743edf989324fe3673cc05d95e1554054d5606df3677ca75cdc58426e753dcb2,76279e5975fa5f12afaf3e7c233e494fd21150b9,2dbb88b9fd64e835e248867dc83521a0,56,68,https://www.virustotal.com/gui/file/743edf989324fe3673cc05d95e1554054d5606df3677ca75cdc58426e753dcb2/detection/f-743edf989324fe3673cc05d95e1554054d5606df3677ca75cdc58426e753dcb2-1631439313
"0AF8D0286826571374148584C1D064FD -----> The requested resource is not among the finished, queued or pending scans",,,,,,,
6930e4389287314c77a44f04df2bd1afa616733f6d04d0c36c19d6fe3e5c8592-1629272280,18-08-2021 07:38,6930e4389287314c77a44f04df2bd1afa616733f6d04d0c36c19d6fe3e5c8592,50565ac937498b73ad64d4b47e3550e2cbf77fae,429aabdae98e2c80cc2b7562ba2bc279,11,67,https://www.virustotal.com/gui/file/6930e4389287314c77a44f04df2bd1afa616733f6d04d0c36c19d6fe3e5c8592/detection/f-6930e4389287314c77a44f04df2bd1afa616733f6d04d0c36c19d6fe3e5c8592-1629272280
"44AB6A4D6E901C51692FE7195344EA47 -----> The requested resource is not among the finished, queued or pending scans",,,,,,,
"58AE6F9651A8E5E0075C09EBDE188926 -----> The requested resource is not among the finished, queued or pending scans",,,,,,,
a8cc637b9cc836dbd86af7264368ce79c532344bf1cdec63d47ae6d39026408e-1629280695,18-08-2021 09:58,a8cc637b9cc836dbd86af7264368ce79c532344bf1cdec63d47ae6d39026408e,b2aca742a766df48e25d2ff420ca8d518c02b421,64d6384795bc0c3692b17af3a80a60c9,0,68,https://www.virustotal.com/gui/file/a8cc637b9cc836dbd86af7264368ce79c532344bf1cdec63d47ae6d39026408e/detection/f-a8cc637b9cc836dbd86af7264368ce79c532344bf1cdec63d47ae6d39026408e-1629280695
14e801fbb5190005a8c78fa00d348ec6d179d6b7552bb90f88486b3073a28253-1633394039,05-10-2021 00:33,14e801fbb5190005a8c78fa00d348ec6d179d6b7552bb90f88486b3073a28253,ad50464c3024f0c4858a805bdbf2c828779d3b04,2fa7683ea7bb2ade8e5331e99fd14d0e,7,67,https://www.virustotal.com/gui/file/14e801fbb5190005a8c78fa00d348ec6d179d6b7552bb90f88486b3073a28253/detection/f-14e801fbb5190005a8c78fa00d348ec6d179d6b7552bb90f88486b3073a28253-1633394039
996f0cfc36e60fdbdcb535a380506dfc3e0dbb20a7b5707015f7675be2a04fb2-1631538537,13-09-2021 13:08,996f0cfc36e60fdbdcb535a380506dfc3e0dbb20a7b5707015f7675be2a04fb2,230982a08f1253cb16c8535e2731d8f4ce8d45ef,39d83c8d85a31d864f8da1dbd0613236,54,68,https://www.virustotal.com/gui/file/996f0cfc36e60fdbdcb535a380506dfc3e0dbb20a7b5707015f7675be2a04fb2/detection/f-996f0cfc36e60fdbdcb535a380506dfc3e0dbb20a7b5707015f7675be2a04fb2-1631538537
2777bc7e5fef107b34e2d28c96858c51081414e299c551d4df14f9d8a9131feb-1632458589,24-09-2021 04:43,2777bc7e5fef107b34e2d28c96858c51081414e299c551d4df14f9d8a9131feb,5742f45625b03fdc67bf1620e0c81672c8db5c66,abc41503982f0541289bb87a62fcdf46,27,67,https://www.virustotal.com/gui/file/2777bc7e5fef107b34e2d28c96858c51081414e299c551d4df14f9d8a9131feb/detection/f-2777bc7e5fef107b34e2d28c96858c51081414e299c551d4df14f9d8a9131feb-1632458589
9c532b1f2d1cf039f988dd66fc7fe6386e6d856cb6b4e2083ce099dadaf9c1f5-1629696943,23-08-2021 05:35,9c532b1f2d1cf039f988dd66fc7fe6386e6d856cb6b4e2083ce099dadaf9c1f5,4c0032b852aa212c116361c5f1c0e6eeaa9672bd,bc55d55f2727888c8f0bfe5df4c610e3,1,66,https://www.virustotal.com/gui/file/9c532b1f2d1cf039f988dd66fc7fe6386e6d856cb6b4e2083ce099dadaf9c1f5/detection/f-9c532b1f2d1cf039f988dd66fc7fe6386e6d856cb6b4e2083ce099dadaf9c1f5-1629696943
c9387a7ff5b6a807cdf2c38266a2613b9e7bcc8bf3d8b14d6a471ab25397f4f3-1634196206,14-10-2021 07:23,c9387a7ff5b6a807cdf2c38266a2613b9e7bcc8bf3d8b14d6a471ab25397f4f3,74868564b6b355a21119630b8430e009e4fdd101,dfbf27fcbc6de1135d4bebe9f5df7321,1,68,https://www.virustotal.com/gui/file/c9387a7ff5b6a807cdf2c38266a2613b9e7bcc8bf3d8b14d6a471ab25397f4f3/detection/f-c9387a7ff5b6a807cdf2c38266a2613b9e7bcc8bf3d8b14d6a471ab25397f4f3-1634196206
"3726FC00D4229C08BCD60540FFABBA5B -----> The requested resource is not among the finished, queued or pending scans",,,,,,,
"B1785B861D31BC1C6F17A8FA8A5D53F3 -----> The requested resource is not among the finished, queued or pending scans",,,,,,,
"84772A42337D994CAA2D695992564821 -----> The requested resource is not among the finished, queued or pending scans",,,,,,,
"84772A42337D994CAA2D695992564821 -----> The requested resource is not among the finished, queued or pending scans",,,,,,,
c4b7c4249f7d88695564fcd9fb97ef7792b0e889c3aa58c79d1e070fc1fc43e5-1632300072,22-09-2021 08:41,c4b7c4249f7d88695564fcd9fb97ef7792b0e889c3aa58c79d1e070fc1fc43e5,e1ec9534c98c574feb852ef5e245fe79515bfa71,8e5413724aedbbcf4b1fefed3f35ef25,5,67,https://www.virustotal.com/gui/file/c4b7c4249f7d88695564fcd9fb97ef7792b0e889c3aa58c79d1e070fc1fc43e5/detection/f-c4b7c4249f7d88695564fcd9fb97ef7792b0e889c3aa58c79d1e070fc1fc43e5-1632300072
"9FC2D22B828F11E8A181E550373B5CF2 -----> The requested resource is not among the finished, queued or pending scans",,,,,,,
"C3D656093E44530CE0E1E7F4364BD58B -----> The requested resource is not among the finished, queued or pending scans",,,,,,,
65dee75f5d4f0d7e0c1065a689ebe79f67c87a4d3d9654193164128e859a0ddd-1629961375,26-08-2021 07:02,65dee75f5d4f0d7e0c1065a689ebe79f67c87a4d3d9654193164128e859a0ddd,819364784cf0d3fe440b6c9a3950de7fa093e805,e16f915796d4762014fc3864d4444ac3,43,68,https://www.virustotal.com/gui/file/65dee75f5d4f0d7e0c1065a689ebe79f67c87a4d3d9654193164128e859a0ddd/detection/f-65dee75f5d4f0d7e0c1065a689ebe79f67c87a4d3d9654193164128e859a0ddd-1629961375
8ac720b6a586ac61e67bcb5b7e10395c57b058203006f0d4657ce6ca3e3bf584-1635135050,25-10-2021 04:10,8ac720b6a586ac61e67bcb5b7e10395c57b058203006f0d4657ce6ca3e3bf584,dd27965ffc63b49e43b0dad37361446ff9689699,065157829eb84b4f03e15480ca59825f,34,65,https://www.virustotal.com/gui/file/8ac720b6a586ac61e67bcb5b7e10395c57b058203006f0d4657ce6ca3e3bf584/detection/f-8ac720b6a586ac61e67bcb5b7e10395c57b058203006f0d4657ce6ca3e3bf584-1635135050
"2C634F5739DE44172E794C92C2E1E49B -----> The requested resource is not among the finished, queued or pending scans",,,,,,,
cafe54e85c539671c94abdeb4b8adbef3bde8655006003088760d04a86b5f915-1635502379,29-10-2021 10:12,cafe54e85c539671c94abdeb4b8adbef3bde8655006003088760d04a86b5f915,cb590e4eaab33bba84082f3acbe01f35e1ce710f,f08e24f57501f2c4e009b6a7d9249e99,50,69,https://www.virustotal.com/gui/file/cafe54e85c539671c94abdeb4b8adbef3bde8655006003088760d04a86b5f915/detection/f-cafe54e85c539671c94abdeb4b8adbef3bde8655006003088760d04a86b5f915-1635502379
"054758032CEC764D067D98000843A5E9 -----> The requested resource is not among the finished, queued or pending scans",,,,,,,
"1a8eb65c9bb26a9b37c97d83e1d000ae -----> The requested resource is not among the finished, queued or pending scans",,,,,,,
"222e8d2330a330387a5cf876427459d1 -----> The requested resource is not among the finished, queued or pending scans",,,,,,,
"2895ae3c7c7f81fb4869d75cef08c399 -----> The requested resource is not among the finished, queued or pending scans",,,,,,,
"7fce508963e41638b5efb4e3437c8bb8 -----> The requested resource is not among the finished, queued or pending scans",,,,,,,
"86efb85c62ed6ac120b20a3282f428a2 -----> The requested resource is not among the finished, queued or pending scans",,,,,,,
"8efa182da9698e12af467b922da88c36 -----> The requested resource is not among the finished, queued or pending scans",,,,,,,
"a4dee6f5d7084076ca5704a7c9a97583 -----> The requested resource is not among the finished, queued or pending scans",,,,,,,
"1FE3593B5BB17888528349AF9563DEBB -----> The requested resource is not among the finished, queued or pending scans",,,,,,,
703cf8f0d63094194cb1336a25d5dc66198682ca7d8e062fd7b925e5fa71e285-1634588239,18-10-2021 20:17,703cf8f0d63094194cb1336a25d5dc66198682ca7d8e062fd7b925e5fa71e285,85f5f040fb749c78ead6720a17f5308e38f6cc33,38cc4abbccf47c8c06f265602e0afd81,32,68,https://www.virustotal.com/gui/file/703cf8f0d63094194cb1336a25d5dc66198682ca7d8e062fd7b925e5fa71e285/detection/f-703cf8f0d63094194cb1336a25d5dc66198682ca7d8e062fd7b925e5fa71e285-1634588239
"68DEDF55FA634001CF5409AB97102182 -----> The requested resource is not among the finished, queued or pending scans",,,,,,,
"1FE3593B5BB17888528349AF9563DEBB -----> The requested resource is not among the finished, queued or pending scans",,,,,,,
"8605B28CFC77C4CBC970AB493A662AF0 -----> The requested resource is not among the finished, queued or pending scans",,,,,,,
417c8fe75e35748881bdb4584579a594440f4bc2eb6508ea56d5e0233c5f253b-1632277782,22-09-2021 02:29,417c8fe75e35748881bdb4584579a594440f4bc2eb6508ea56d5e0233c5f253b,6155bca5ff162e58ceeee03ffc20178418291ff8,f19cfddb571831e2e91b5886e5fe829b,41,68,https://www.virustotal.com/gui/file/417c8fe75e35748881bdb4584579a594440f4bc2eb6508ea56d5e0233c5f253b/detection/f-417c8fe75e35748881bdb4584579a594440f4bc2eb6508ea56d5e0233c5f253b-1632277782
f923db34d9ef6ce33613d39999621dc820a13704d01a52c8a058dcf2570d2137-1633795941,09-10-2021 16:12,f923db34d9ef6ce33613d39999621dc820a13704d01a52c8a058dcf2570d2137,a4fc95c099486eedcb167adce595d88e445397a2,f39998196e43d17e2d5fed5cdb4abec3,17,67,https://www.virustotal.com/gui/file/f923db34d9ef6ce33613d39999621dc820a13704d01a52c8a058dcf2570d2137/detection/f-f923db34d9ef6ce33613d39999621dc820a13704d01a52c8a058dcf2570d2137-1633795941
b0b8e61c9e20822a37af5b000079a792f17e382b3eafa31c000f4589a7c96405-1630597426,02-09-2021 15:43,b0b8e61c9e20822a37af5b000079a792f17e382b3eafa31c000f4589a7c96405,5e1d347d2b040418ffbd4615fa32f3817fbadc33,01c4eb60339048498e9015d2e13adfa0,34,68,https://www.virustotal.com/gui/file/b0b8e61c9e20822a37af5b000079a792f17e382b3eafa31c000f4589a7c96405/detection/f-b0b8e61c9e20822a37af5b000079a792f17e382b3eafa31c000f4589a7c96405-1630597426
"597B6DF7CF776B5A1C8B7001B21BA80D -----> The requested resource is not among the finished, queued or pending scans",,,,,,,
"A78D1DB37F33477E34EB704619A0EB7C -----> The requested resource is not among the finished, queued or pending scans",,,,,,,
"ED2F82A708DEC15B0C00A9EBB800A49B -----> The requested resource is not among the finished, queued or pending scans",,,,,,,
141c20c2b38c97a455356282a9f21b9433c6e8cc12b1b9c066012a892a5de449-1631298604,10-09-2021 18:30,141c20c2b38c97a455356282a9f21b9433c6e8cc12b1b9c066012a892a5de449,85fc35e60f3d587a157f855d2c81a3ab1415f8b7,f4ded77660a126cfc9d04fc3e8eebb0e,45,69,https://www.virustotal.com/gui/file/141c20c2b38c97a455356282a9f21b9433c6e8cc12b1b9c066012a892a5de449/detection/f-141c20c2b38c97a455356282a9f21b9433c6e8cc12b1b9c066012a892a5de449-1631298604
"7336D4CFAC54503282B37E4A859F46A9 -----> The requested resource is not among the finished, queued or pending scans",,,,,,,
"7FC43AC8A62EAB9E7E1D1BDD3C1ACE9E -----> The requested resource is not among the finished, queued or pending scans",,,,,,,
85fd9afd23692cb738d1ee9ea9c60c8b8ed5d3cff15a3ed4141da82d61a5577c-1631970271,18-09-2021 13:04,85fd9afd23692cb738d1ee9ea9c60c8b8ed5d3cff15a3ed4141da82d61a5577c,195ff39ed7b4701adb0e8e90edafdac489c5babd,ea5d15be1011e2126f95d4d61c7e6d0e,15,66,https://www.virustotal.com/gui/file/85fd9afd23692cb738d1ee9ea9c60c8b8ed5d3cff15a3ed4141da82d61a5577c/detection/f-85fd9afd23692cb738d1ee9ea9c60c8b8ed5d3cff15a3ed4141da82d61a5577c-1631970271
c8680d889af1570c5b40f58584e79a9ced6a02e86a87c0563a7bf5e272fde625-1634131405,13-10-2021 13:23,c8680d889af1570c5b40f58584e79a9ced6a02e86a87c0563a7bf5e272fde625,0198250c6dab4217e2ac7f3181237b166edb54b7,2134d4ac3b876ad8562272c605aa057f,0,58,https://www.virustotal.com/gui/file/c8680d889af1570c5b40f58584e79a9ced6a02e86a87c0563a7bf5e272fde625/detection/f-c8680d889af1570c5b40f58584e79a9ced6a02e86a87c0563a7bf5e272fde625-1634131405
ebe56a9c4d9187cdeea063f22a8ef81071cf9ab5c31f3125aeec26014cbb24e1-1630905478,06-09-2021 05:17,ebe56a9c4d9187cdeea063f22a8ef81071cf9ab5c31f3125aeec26014cbb24e1,e82136b9bcaf0e7a4de79623e3c98c5741118b23,1d1bf700c95a45a5c2d3266fa2f1635d,4,66,https://www.virustotal.com/gui/file/ebe56a9c4d9187cdeea063f22a8ef81071cf9ab5c31f3125aeec26014cbb24e1/detection/f-ebe56a9c4d9187cdeea063f22a8ef81071cf9ab5c31f3125aeec26014cbb24e1-1630905478
a166c132c3468b56a1c7723821d68f67d754ba5e3a04b3360f49de1203843361-1634570067,18-10-2021 15:14,a166c132c3468b56a1c7723821d68f67d754ba5e3a04b3360f49de1203843361,c3a030e91e38fbd6024424bc666cb874f268a251,51d5ed33c76eaff65204e915b5959830,2,66,https://www.virustotal.com/gui/file/a166c132c3468b56a1c7723821d68f67d754ba5e3a04b3360f49de1203843361/detection/f-a166c132c3468b56a1c7723821d68f67d754ba5e3a04b3360f49de1203843361-1634570067
6b6faf5cf5d8679554f74b62d20e546c34c35aa24f51a0359c117800f79964c1-1634942174,22-10-2021 22:36,6b6faf5cf5d8679554f74b62d20e546c34c35aa24f51a0359c117800f79964c1,30c5d54e555a8e7d5770b845cbf2d1a473312ba4,a9395d0cbe8ac0c3b05e40e95959397b,22,67,https://www.virustotal.com/gui/file/6b6faf5cf5d8679554f74b62d20e546c34c35aa24f51a0359c117800f79964c1/detection/f-6b6faf5cf5d8679554f74b62d20e546c34c35aa24f51a0359c117800f79964c1-1634942174
47665139d4ec0617fc039d91ed70a6b45ee32cab806d8d2151066892da1d613f-1630909140,06-09-2021 06:19,47665139d4ec0617fc039d91ed70a6b45ee32cab806d8d2151066892da1d613f,888bacb546539a82d1239c9e04d1f75e2ffd0710,d10df5c7ec6041691752d17836c43ca8,10,66,https://www.virustotal.com/gui/file/47665139d4ec0617fc039d91ed70a6b45ee32cab806d8d2151066892da1d613f/detection/f-47665139d4ec0617fc039d91ed70a6b45ee32cab806d8d2151066892da1d613f-1630909140
21ec0addc73e6823ac2a6dd9a90690aab53149e33444c80100771d84d0e97353-1631416996,12-09-2021 03:23,21ec0addc73e6823ac2a6dd9a90690aab53149e33444c80100771d84d0e97353,7b543771e9318c7496553e80f159fb15b4baab08,d45a94a569e284f4ce39673ce1cdbe40,33,69,https://www.virustotal.com/gui/file/21ec0addc73e6823ac2a6dd9a90690aab53149e33444c80100771d84d0e97353/detection/f-21ec0addc73e6823ac2a6dd9a90690aab53149e33444c80100771d84d0e97353-1631416996
"280EDAA3D848B87BD06F667E912EA864 -----> The requested resource is not among the finished, queued or pending scans",,,,,,,
db6cfb09c6a726622bf19b73b3720841e7b0d218bec3b53cd3f750058f813fd9-1634161619,13-10-2021 21:46,db6cfb09c6a726622bf19b73b3720841e7b0d218bec3b53cd3f750058f813fd9,ba50c52879854adfe71dcc2f26a8bc03e9c26ad1,4db34d0c859868c0ece2e39ec7e844bc,11,65,https://www.virustotal.com/gui/file/db6cfb09c6a726622bf19b73b3720841e7b0d218bec3b53cd3f750058f813fd9/detection/f-db6cfb09c6a726622bf19b73b3720841e7b0d218bec3b53cd3f750058f813fd9-1634161619
"E4FD2965002E4E7BC638A11B63E27255 -----> The requested resource is not among the finished, queued or pending scans",,,,,,,
3e926acd887b88c1f1b6d486f8184f333a39bdc9b7314a38386895b9e3dc8c64-1633037654,30-09-2021 21:34,3e926acd887b88c1f1b6d486f8184f333a39bdc9b7314a38386895b9e3dc8c64,8b5a8bf4891951da3bb8f7381cdd7544dbaed04c,4105ef965af93837ee4453ce62a55262,14,67,https://www.virustotal.com/gui/file/3e926acd887b88c1f1b6d486f8184f333a39bdc9b7314a38386895b9e3dc8c64/detection/f-3e926acd887b88c1f1b6d486f8184f333a39bdc9b7314a38386895b9e3dc8c64-1633037654
3903f8a278a4ee89584ff1322c7216918b2e2f83de6eb58f908e304210473e6f-1631690129,15-09-2021 07:15,3903f8a278a4ee89584ff1322c7216918b2e2f83de6eb58f908e304210473e6f,8e98ee723ab12d4ea8b7c012c7b5a82c792243d2,5d12fbcaaa5bfd69108733c9be07e129,44,66,https://www.virustotal.com/gui/file/3903f8a278a4ee89584ff1322c7216918b2e2f83de6eb58f908e304210473e6f/detection/f-3903f8a278a4ee89584ff1322c7216918b2e2f83de6eb58f908e304210473e6f-1631690129
e2663b7df06923e09e6e37fbca17978ab8f4e0cb64073e13d8cac9f1521a477a-1631503109,13-09-2021 03:18,e2663b7df06923e09e6e37fbca17978ab8f4e0cb64073e13d8cac9f1521a477a,4208979a10e338e94d2edc05d723d971c5d2f589,7746b93dfdeb5d3b5c6144ab714c045d,7,66,https://www.virustotal.com/gui/file/e2663b7df06923e09e6e37fbca17978ab8f4e0cb64073e13d8cac9f1521a477a/detection/f-e2663b7df06923e09e6e37fbca17978ab8f4e0cb64073e13d8cac9f1521a477a-1631503109
"97AAD360235EFAA754311DFD26140B28 -----> The requested resource is not among the finished, queued or pending scans",,,,,,,
48fdc9fb2810396991f616e9c461a8336c23ebae7d83d88eee2fffdc5fcf70c5-1633370879,04-10-2021 18:07,48fdc9fb2810396991f616e9c461a8336c23ebae7d83d88eee2fffdc5fcf70c5,2b3ea88a1f8433d0d7964725614c0afdf799d769,a71d1add532dc89ca34c3aef31cf1576,8,67,https://www.virustotal.com/gui/file/48fdc9fb2810396991f616e9c461a8336c23ebae7d83d88eee2fffdc5fcf70c5/detection/f-48fdc9fb2810396991f616e9c461a8336c23ebae7d83d88eee2fffdc5fcf70c5-1633370879
"DA48C6B947856C51F70A8ECDB270272D -----> The requested resource is not among the finished, queued or pending scans",,,,,,,
"0B298AEA117D75732508620DD1E97231 -----> The requested resource is not among the finished, queued or pending scans",,,,,,,
fb9792e793e280df0448ea45e6b38be1dfd673f8a7e5a448200c1dfe6485d9f5-1632191873,21-09-2021 02:37,fb9792e793e280df0448ea45e6b38be1dfd673f8a7e5a448200c1dfe6485d9f5,f19025bdd485ba86914294e4a576e430e040fbf5,1c1e4398595113733a8b54be81f78c96,48,68,https://www.virustotal.com/gui/file/fb9792e793e280df0448ea45e6b38be1dfd673f8a7e5a448200c1dfe6485d9f5/detection/f-fb9792e793e280df0448ea45e6b38be1dfd673f8a7e5a448200c1dfe6485d9f5-1632191873
fb9792e793e280df0448ea45e6b38be1dfd673f8a7e5a448200c1dfe6485d9f5-1632191873,21-09-2021 02:37,fb9792e793e280df0448ea45e6b38be1dfd673f8a7e5a448200c1dfe6485d9f5,f19025bdd485ba86914294e4a576e430e040fbf5,1c1e4398595113733a8b54be81f78c96,48,68,https://www.virustotal.com/gui/file/fb9792e793e280df0448ea45e6b38be1dfd673f8a7e5a448200c1dfe6485d9f5/detection/f-fb9792e793e280df0448ea45e6b38be1dfd673f8a7e5a448200c1dfe6485d9f5-1632191873
d7b2679494af7d78ed63985f77716e19c9afcf72660eba291c5127a23b87bd94-1631519644,13-09-2021 07:54,d7b2679494af7d78ed63985f77716e19c9afcf72660eba291c5127a23b87bd94,b457af79691efb83494d3bb6b835040d954eba56,726bcb9982bd4dab466d2d745c426355,0,66,https://www.virustotal.com/gui/file/d7b2679494af7d78ed63985f77716e19c9afcf72660eba291c5127a23b87bd94/detection/f-d7b2679494af7d78ed63985f77716e19c9afcf72660eba291c5127a23b87bd94-1631519644
e2663b7df06923e09e6e37fbca17978ab8f4e0cb64073e13d8cac9f1521a477a-1631503109,13-09-2021 03:18,e2663b7df06923e09e6e37fbca17978ab8f4e0cb64073e13d8cac9f1521a477a,4208979a10e338e94d2edc05d723d971c5d2f589,7746b93dfdeb5d3b5c6144ab714c045d,7,66,https://www.virustotal.com/gui/file/e2663b7df06923e09e6e37fbca17978ab8f4e0cb64073e13d8cac9f1521a477a/detection/f-e2663b7df06923e09e6e37fbca17978ab8f4e0cb64073e13d8cac9f1521a477a-1631503109
48fdc9fb2810396991f616e9c461a8336c23ebae7d83d88eee2fffdc5fcf70c5-1633370879,04-10-2021 18:07,48fdc9fb2810396991f616e9c461a8336c23ebae7d83d88eee2fffdc5fcf70c5,2b3ea88a1f8433d0d7964725614c0afdf799d769,a71d1add532dc89ca34c3aef31cf1576,8,67,https://www.virustotal.com/gui/file/48fdc9fb2810396991f616e9c461a8336c23ebae7d83d88eee2fffdc5fcf70c5/detection/f-48fdc9fb2810396991f616e9c461a8336c23ebae7d83d88eee2fffdc5fcf70c5-1633370879
"DA48C6B947856C51F70A8ECDB270272D -----> The requested resource is not among the finished, queued or pending scans",,,,,,,
76dd6ff73e2249de5c3e2d4054f372df0c4435e14c0c776b2d74da032949b8af-1631532863,13-09-2021 11:34,76dd6ff73e2249de5c3e2d4054f372df0c4435e14c0c776b2d74da032949b8af,e55c6bd517a463d8ab980ab3e205205c4498090c,4b0afeb88e685f7c3728191803932987,0,57,https://www.virustotal.com/gui/file/76dd6ff73e2249de5c3e2d4054f372df0c4435e14c0c776b2d74da032949b8af/detection/f-76dd6ff73e2249de5c3e2d4054f372df0c4435e14c0c776b2d74da032949b8af-1631532863
d975c2fe8c4714c2a1fe2173f3e1ff585612c1a3e55de6e9fd328b5fc310de1a-1632316235,22-09-2021 13:10,d975c2fe8c4714c2a1fe2173f3e1ff585612c1a3e55de6e9fd328b5fc310de1a,81d5eda25610bd85f680e0e7be368d1a4c65db29,187baeaed91acc6379fe883a49c340d4,51,68,https://www.virustotal.com/gui/file/d975c2fe8c4714c2a1fe2173f3e1ff585612c1a3e55de6e9fd328b5fc310de1a/detection/f-d975c2fe8c4714c2a1fe2173f3e1ff585612c1a3e55de6e9fd328b5fc310de1a-1632316235
ff257219b5382cf10b73b0358327ee4c1e8c14e9678f5290f007d0a27ee60009-1632054902,19-09-2021 12:35,ff257219b5382cf10b73b0358327ee4c1e8c14e9678f5290f007d0a27ee60009,ae3ef01869992793d7b478bb7faec43f5e33dbe7,8c9db6b54eacf445be86e33164f09d9a,48,69,https://www.virustotal.com/gui/file/ff257219b5382cf10b73b0358327ee4c1e8c14e9678f5290f007d0a27ee60009/detection/f-ff257219b5382cf10b73b0358327ee4c1e8c14e9678f5290f007d0a27ee60009-1632054902
aadc7e960d67cd37ef224c77117c9be140300c6d638b16d649dadee22e03b94d-1626410733,16-07-2021 04:45,aadc7e960d67cd37ef224c77117c9be140300c6d638b16d649dadee22e03b94d,2ea71961de2ecf6f27066dd8b7a4140f95cc04ae,00417653f6245dd39f114e4ad093b43f,12,68,https://www.virustotal.com/gui/file/aadc7e960d67cd37ef224c77117c9be140300c6d638b16d649dadee22e03b94d/detection/f-aadc7e960d67cd37ef224c77117c9be140300c6d638b16d649dadee22e03b94d-1626410733
"4E4B014604377B609ADD80E7F612ABE1 -----> The requested resource is not among the finished, queued or pending scans",,,,,,,
"7BAC80E6859430CA1F26F935852D01F9 -----> The requested resource is not among the finished, queued or pending scans",,,,,,,
"AEBF043A39D212BBD0FD608C972C5181 -----> The requested resource is not among the finished, queued or pending scans",,,,,,,
86eca2f6c3c53fd1325206b810b0cb2b6ee43ba77cdd918993ff2de8f3dccd67-1629380402,19-08-2021 13:40,86eca2f6c3c53fd1325206b810b0cb2b6ee43ba77cdd918993ff2de8f3dccd67,1cf24f747b48957fb0c36914a2b81142357d5484,c70889b47133396c23d32dd6c5720325,1,66,https://www.virustotal.com/gui/file/86eca2f6c3c53fd1325206b810b0cb2b6ee43ba77cdd918993ff2de8f3dccd67/detection/f-86eca2f6c3c53fd1325206b810b0cb2b6ee43ba77cdd918993ff2de8f3dccd67-1629380402
"A950305EBB090858F78ED7A5E7332E2A -----> The requested resource is not among the finished, queued or pending scans",,,,,,,
"C5C896E08FAA139498193A79C326FF2C -----> The requested resource is not among the finished, queued or pending scans",,,,,,,
cd2f8f60012f169a4501c6074f6e7599b239a101ca0fec806dad912f2c3bb4af-1626429695,16-07-2021 10:01,cd2f8f60012f169a4501c6074f6e7599b239a101ca0fec806dad912f2c3bb4af,ff505f36c8b591bf43c92171811135c008c5d26a,2c5140076bf00c3d77c30e4849107ae9,7,68,https://www.virustotal.com/gui/file/cd2f8f60012f169a4501c6074f6e7599b239a101ca0fec806dad912f2c3bb4af/detection/f-cd2f8f60012f169a4501c6074f6e7599b239a101ca0fec806dad912f2c3bb4af-1626429695
011b618d3d52261a4136201388020f1b9c98b43415a2c29f6e33cd3d7964938b-1626435699,16-07-2021 11:41,011b618d3d52261a4136201388020f1b9c98b43415a2c29f6e33cd3d7964938b,977146cb7e43e70ab6d586b2d891f9026b3db68f,d3d79f8f3809ae58a8d030de3f0f8abc,38,68,https://www.virustotal.com/gui/file/011b618d3d52261a4136201388020f1b9c98b43415a2c29f6e33cd3d7964938b/detection/f-011b618d3d52261a4136201388020f1b9c98b43415a2c29f6e33cd3d7964938b-1626435699
e68f11685b0a74d8b6f57647aadf97977c35fd7d774de64b5360961677c3ed33-1632200511,21-09-2021 05:01,e68f11685b0a74d8b6f57647aadf97977c35fd7d774de64b5360961677c3ed33,e9919b2cbacb4b8ccfcc0e7896237d3ad172f2a5,3493dcc0edda5e30e26aa552d7edcc8c,1,53,https://www.virustotal.com/gui/file/e68f11685b0a74d8b6f57647aadf97977c35fd7d774de64b5360961677c3ed33/detection/f-e68f11685b0a74d8b6f57647aadf97977c35fd7d774de64b5360961677c3ed33-1632200511
efe782f2d88b8c5e7abb382bfe94fb20e14a57ec548d92693493f185b4e15bb2-1634683767,19-10-2021 22:49,efe782f2d88b8c5e7abb382bfe94fb20e14a57ec548d92693493f185b4e15bb2,fc930bfe940413c5c86020c1089ca0f3732a7789,5ee0a1bca69f9d0d1f9a24923e52f01b,27,67,https://www.virustotal.com/gui/file/efe782f2d88b8c5e7abb382bfe94fb20e14a57ec548d92693493f185b4e15bb2/detection/f-efe782f2d88b8c5e7abb382bfe94fb20e14a57ec548d92693493f185b4e15bb2-1634683767
c86ffe34fc33bd6bd456c2edb09cda8ffecdadb55e6c28454ab07f366f1e249e-1634162035,13-10-2021 21:53,c86ffe34fc33bd6bd456c2edb09cda8ffecdadb55e6c28454ab07f366f1e249e,fdb17621716119295cfb556cf1356dc289e15fae,638289a3e2fadb26fb06e2ca54b923fa,14,66,https://www.virustotal.com/gui/file/c86ffe34fc33bd6bd456c2edb09cda8ffecdadb55e6c28454ab07f366f1e249e/detection/f-c86ffe34fc33bd6bd456c2edb09cda8ffecdadb55e6c28454ab07f366f1e249e-1634162035
05595eae414f08ce57569ae338d12a373caf9b56970150987cd2db78ae05659c-1627076920,23-07-2021 21:48,05595eae414f08ce57569ae338d12a373caf9b56970150987cd2db78ae05659c,29d842fc4af2017d262997b262b8bd7aeee4e098,ac1e50e69e4b74ef020de708e32ac8bd,15,69,https://www.virustotal.com/gui/file/05595eae414f08ce57569ae338d12a373caf9b56970150987cd2db78ae05659c/detection/f-05595eae414f08ce57569ae338d12a373caf9b56970150987cd2db78ae05659c-1627076920
"1A43A53553D5EEFEDA02E7D9ACB6CCE9 -----> The requested resource is not among the finished, queued or pending scans",,,,,,,
"498A8AEA6E50D7AC413963C6A496A0AE -----> The requested resource is not among the finished, queued or pending scans",,,,,,,
16e61b14763506b61a130cb0cd828f74d90817b399f358d55a97644149909382-1626752610,20-07-2021 03:43,16e61b14763506b61a130cb0cd828f74d90817b399f358d55a97644149909382,95916f0e08e38ba203c795d382e40a2ea3c6e8ac,6ff884b56ad339d184f79527aca7db47,0,69,https://www.virustotal.com/gui/file/16e61b14763506b61a130cb0cd828f74d90817b399f358d55a97644149909382/detection/f-16e61b14763506b61a130cb0cd828f74d90817b399f358d55a97644149909382-1626752610
d7faa9c4ea32c5dbea4278e260963513390bfbf82515c9d7876fbeddd146f10e-1626752614,20-07-2021 03:43,d7faa9c4ea32c5dbea4278e260963513390bfbf82515c9d7876fbeddd146f10e,6a56b8febb52894e55b81895441d529c43a92265,929c7f7e7770f2e7cde00a04cc91854e,1,67,https://www.virustotal.com/gui/file/d7faa9c4ea32c5dbea4278e260963513390bfbf82515c9d7876fbeddd146f10e/detection/f-d7faa9c4ea32c5dbea4278e260963513390bfbf82515c9d7876fbeddd146f10e-1626752614
2c5f35fd3dff5f80300525b4be72821eaed7cc000b483212460685efc7ad6047-1634400203,16-10-2021 16:03,2c5f35fd3dff5f80300525b4be72821eaed7cc000b483212460685efc7ad6047,76a78040f517f28986525cfe70f8f6271c19f0ad,fad38e650676e9486bd4456ad15d1f3f,23,67,https://www.virustotal.com/gui/file/2c5f35fd3dff5f80300525b4be72821eaed7cc000b483212460685efc7ad6047/detection/f-2c5f35fd3dff5f80300525b4be72821eaed7cc000b483212460685efc7ad6047-1634400203
"3B40500ED2A420F526203B7F78D04B09 -----> The requested resource is not among the finished, queued or pending scans",,,,,,,
98994a3b354018901a0c04da4045ff77d1b52b460e3928c724286f38f0aa6a2a-1627040726,23-07-2021 11:45,98994a3b354018901a0c04da4045ff77d1b52b460e3928c724286f38f0aa6a2a,de7735af6e4f722040ad782034ff92965d64b11e,7c6daa2a0b2e2a7911b749132ef4c2cf,40,70,https://www.virustotal.com/gui/file/98994a3b354018901a0c04da4045ff77d1b52b460e3928c724286f38f0aa6a2a/detection/f-98994a3b354018901a0c04da4045ff77d1b52b460e3928c724286f38f0aa6a2a-1627040726
ed76dd949435bde965ed256494c4072b7304d4ff285149977cd21e216d0e650e-1626761372,20-07-2021 06:09,ed76dd949435bde965ed256494c4072b7304d4ff285149977cd21e216d0e650e,9af897669cd49c0a03f0ee058c94d6ccd580a0e3,cefd0b6a81c8a58e1696ae7cf4fb0868,44,68,https://www.virustotal.com/gui/file/ed76dd949435bde965ed256494c4072b7304d4ff285149977cd21e216d0e650e/detection/f-ed76dd949435bde965ed256494c4072b7304d4ff285149977cd21e216d0e650e-1626761372
3d17e2b228f4fa783f6663378d8f32c0bc8859efb358a574bd484dad3b243c7b-1634849081,21-10-2021 20:44,3d17e2b228f4fa783f6663378d8f32c0bc8859efb358a574bd484dad3b243c7b,c1df9689f788fa26115519fc5e36b8b29fc2218c,f38b3602203ae1e7ca6e875f6510abb3,23,68,https://www.virustotal.com/gui/file/3d17e2b228f4fa783f6663378d8f32c0bc8859efb358a574bd484dad3b243c7b/detection/f-3d17e2b228f4fa783f6663378d8f32c0bc8859efb358a574bd484dad3b243c7b-1634849081
"0EF5F6A26367A0C78D6996CB3F332921 -----> The requested resource is not among the finished, queued or pending scans",,,,,,,
"1DF64122E96064E22CE431753A2360C3 -----> The requested resource is not among the finished, queued or pending scans",,,,,,,
61fbf0a6084bd7bab3ed214f1c372a569af302ee353e59ddb4f9f65436bf9b55-1635499180,29-10-2021 09:19,61fbf0a6084bd7bab3ed214f1c372a569af302ee353e59ddb4f9f65436bf9b55,749822f7891caaca3fcda698a1f3a88afa76b26c,34fb289e9fee64cd7d4b588f0af35a87,4,68,https://www.virustotal.com/gui/file/61fbf0a6084bd7bab3ed214f1c372a569af302ee353e59ddb4f9f65436bf9b55/detection/f-61fbf0a6084bd7bab3ed214f1c372a569af302ee353e59ddb4f9f65436bf9b55-1635499180
"7AFEF5C1924EAD34BE8FB9A12F239151 -----> The requested resource is not among the finished, queued or pending scans",,,,,,,
a47954555f138b6c951091477cc08659d10eb2e16894a2b0de60ce84d4b5f68e-1635280529,26-10-2021 20:35,a47954555f138b6c951091477cc08659d10eb2e16894a2b0de60ce84d4b5f68e,f17d0da1e8a9dc0f60aff36c15e89b08c2e55aba,b27bf3dcf7f6befc64b03106b7ec35a4,24,69,https://www.virustotal.com/gui/file/a47954555f138b6c951091477cc08659d10eb2e16894a2b0de60ce84d4b5f68e/detection/f-a47954555f138b6c951091477cc08659d10eb2e16894a2b0de60ce84d4b5f68e-1635280529
"BDB3986145CFADDF9933F7970E22F5B8 -----> The requested resource is not among the finished, queued or pending scans",,,,,,,
a5f742d87a8d32cfca77bde99e0eb1cb4cbd0051de5357dbbb7f51db2a85fee4-1626861806,21-07-2021 10:03,a5f742d87a8d32cfca77bde99e0eb1cb4cbd0051de5357dbbb7f51db2a85fee4,3da916a5d85107594a903c42794017b5e675f092,fee6f18453719080e90c4690449a02f1,3,68,https://www.virustotal.com/gui/file/a5f742d87a8d32cfca77bde99e0eb1cb4cbd0051de5357dbbb7f51db2a85fee4/detection/f-a5f742d87a8d32cfca77bde99e0eb1cb4cbd0051de5357dbbb7f51db2a85fee4-1626861806
"4B07BF7389C0CB0BEA360C54160E3AE2 -----> The requested resource is not among the finished, queued or pending scans",,,,,,,
295ef9ecd464a3ce3956b44088f1dcbd97e1eb2699623c606ae34ef9f918523c-1633935898,11-10-2021 07:04,295ef9ecd464a3ce3956b44088f1dcbd97e1eb2699623c606ae34ef9f918523c,3a580b432f5de7336478768b3e05313a03e6d21b,705e0de4275efc3f1fed585a3c35a247,12,66,https://www.virustotal.com/gui/file/295ef9ecd464a3ce3956b44088f1dcbd97e1eb2699623c606ae34ef9f918523c/detection/f-295ef9ecd464a3ce3956b44088f1dcbd97e1eb2699623c606ae34ef9f918523c-1633935898
b6dfe1839752b15b2edd932dc605700d54930cfc892b4c36d650e70e05b718e4-1628555464,10-08-2021 00:31,b6dfe1839752b15b2edd932dc605700d54930cfc892b4c36d650e70e05b718e4,f8a38ba721421be4200f18895302f45aa78000cf,72c137efe88d3e115455378a53e1699d,45,69,https://www.virustotal.com/gui/file/b6dfe1839752b15b2edd932dc605700d54930cfc892b4c36d650e70e05b718e4/detection/f-b6dfe1839752b15b2edd932dc605700d54930cfc892b4c36d650e70e05b718e4-1628555464
8cc7f072575cbdfff5e7892cce26991f75a69badd2cc8ad5877c71451e840385-1627671388,30-07-2021 18:56,8cc7f072575cbdfff5e7892cce26991f75a69badd2cc8ad5877c71451e840385,be310135d7e874f451af835759551e5763ca2e41,81db2bde8945985ce805776f4358b5ef,13,69,https://www.virustotal.com/gui/file/8cc7f072575cbdfff5e7892cce26991f75a69badd2cc8ad5877c71451e840385/detection/f-8cc7f072575cbdfff5e7892cce26991f75a69badd2cc8ad5877c71451e840385-1627671388
938e29ed93872deed24d2f5c8317caa81b5fc51d909f89347b7d6182e269a069-1635371666,27-10-2021 21:54,938e29ed93872deed24d2f5c8317caa81b5fc51d909f89347b7d6182e269a069,342c4294cd12ac69f1d42580fa9749490fb4c18f,90b6f298a9dad5dc43220c056f09e246,28,68,https://www.virustotal.com/gui/file/938e29ed93872deed24d2f5c8317caa81b5fc51d909f89347b7d6182e269a069/detection/f-938e29ed93872deed24d2f5c8317caa81b5fc51d909f89347b7d6182e269a069-1635371666
0663af4692e19081e3afa8641ee7b9be3a54ec26c88a02bfee5265717c7037df-1627001932,23-07-2021 00:58,0663af4692e19081e3afa8641ee7b9be3a54ec26c88a02bfee5265717c7037df,6f7a53b769c9dc414c573ea9f13e51207a84673b,b54dbd344f0d32e443a3273377b0dc99,28,70,https://www.virustotal.com/gui/file/0663af4692e19081e3afa8641ee7b9be3a54ec26c88a02bfee5265717c7037df/detection/f-0663af4692e19081e3afa8641ee7b9be3a54ec26c88a02bfee5265717c7037df-1627001932
ce7631ce4c2db623fb57e48426d6af3688df480f79ab73d70668b8ac4529f504-1626961695,22-07-2021 13:48,ce7631ce4c2db623fb57e48426d6af3688df480f79ab73d70668b8ac4529f504,b16a1b7d39f8ff79dcb1b9659abe5ebec65907b0,e97095f7a58ca1c6c583bbd8ece4f6f4,23,70,https://www.virustotal.com/gui/file/ce7631ce4c2db623fb57e48426d6af3688df480f79ab73d70668b8ac4529f504/detection/f-ce7631ce4c2db623fb57e48426d6af3688df480f79ab73d70668b8ac4529f504-1626961695
1d0f57d2f0c24b6812f56b29d74b40bf48a90d4b0824f9e66e60c7de7fd48a4b-1633812491,09-10-2021 20:48,1d0f57d2f0c24b6812f56b29d74b40bf48a90d4b0824f9e66e60c7de7fd48a4b,6f71d7ec77a265ed519ff1f3abe25005d4c92992,c1f8a53fc91c813b1d8a66d70d30e2c9,44,69,https://www.virustotal.com/gui/file/1d0f57d2f0c24b6812f56b29d74b40bf48a90d4b0824f9e66e60c7de7fd48a4b/detection/f-1d0f57d2f0c24b6812f56b29d74b40bf48a90d4b0824f9e66e60c7de7fd48a4b-1633812491
22c433831f5e952c23dbd74259245eb1ac041c1afe09cf624f86eb7c8262edb0-1628166681,05-08-2021 12:31,22c433831f5e952c23dbd74259245eb1ac041c1afe09cf624f86eb7c8262edb0,b4e8176583c8a9a13f642cddd1f5312987d552df,e196045028aeb44a874a1b7eb0d3a76f,43,70,https://www.virustotal.com/gui/file/22c433831f5e952c23dbd74259245eb1ac041c1afe09cf624f86eb7c8262edb0/detection/f-22c433831f5e952c23dbd74259245eb1ac041c1afe09cf624f86eb7c8262edb0-1628166681
"06A863DE50C6E4425B466057C5665ED9 -----> The requested resource is not among the finished, queued or pending scans",,,,,,,
ada709d8d6d899b665d31ecc587b7625aa1aef08f4156dd3193eb85064188f8c-1635495698,29-10-2021 08:21,ada709d8d6d899b665d31ecc587b7625aa1aef08f4156dd3193eb85064188f8c,332edb969e47a8257253c9478e097d0990488da6,680d2ed84cddc43e783ffebfd1916be4,3,67,https://www.virustotal.com/gui/file/ada709d8d6d899b665d31ecc587b7625aa1aef08f4156dd3193eb85064188f8c/detection/f-ada709d8d6d899b665d31ecc587b7625aa1aef08f4156dd3193eb85064188f8c-1635495698
6004debd81c68b8ed28bdb44d9749917b2e98b1a4c8dfb4cffe0b8d62f12bd92-1628593660,10-08-2021 11:07,6004debd81c68b8ed28bdb44d9749917b2e98b1a4c8dfb4cffe0b8d62f12bd92,892382a182992caf794e5e69675fe0afbbfe7ac8,8a91f6fa28b52288c31cff2d8029377f,17,59,https://www.virustotal.com/gui/file/6004debd81c68b8ed28bdb44d9749917b2e98b1a4c8dfb4cffe0b8d62f12bd92/detection/f-6004debd81c68b8ed28bdb44d9749917b2e98b1a4c8dfb4cffe0b8d62f12bd92-1628593660
"A45995EB93ABA1C34E3D778F51178C90 -----> The requested resource is not among the finished, queued or pending scans",,,,,,,
d284b2b5a10c263f551604a4a2a6ff34c6ba2a46578c92ed7dda5227c93bbcfa-1630023532,27-08-2021 00:18,d284b2b5a10c263f551604a4a2a6ff34c6ba2a46578c92ed7dda5227c93bbcfa,b787c49b08d2ac0e183b82fb4a9b1375b1f7f5d2,e59226a18d70150694cad05d3a1d197f,0,67,https://www.virustotal.com/gui/file/d284b2b5a10c263f551604a4a2a6ff34c6ba2a46578c92ed7dda5227c93bbcfa/detection/f-d284b2b5a10c263f551604a4a2a6ff34c6ba2a46578c92ed7dda5227c93bbcfa-1630023532
652d1b8f987d37e027244e6eb8f7d60b366716d1aa00a461bfb61d1c55f2bd0e-1627463885,28-07-2021 09:18,652d1b8f987d37e027244e6eb8f7d60b366716d1aa00a461bfb61d1c55f2bd0e,c32bcf42cb98b5701440da8caa2307105f2781cf,bac13dfbe1acf8abfa20d15039281c2b,20,67,https://www.virustotal.com/gui/file/652d1b8f987d37e027244e6eb8f7d60b366716d1aa00a461bfb61d1c55f2bd0e/detection/f-652d1b8f987d37e027244e6eb8f7d60b366716d1aa00a461bfb61d1c55f2bd0e-1627463885
"0DB0D8E6DED6D711948B4B0B4E80E00E -----> The requested resource is not among the finished, queued or pending scans",,,,,,,
eb24370166021f9243fd98c0be7b22ab8cbc22147c15ecef8e75746eb484bb1a-1635240439,26-10-2021 09:27,eb24370166021f9243fd98c0be7b22ab8cbc22147c15ecef8e75746eb484bb1a,9b6a4bf704d4b430bc18caaef42648e743556dff,580f30acd2a0828b174ba827fd6f4bb4,46,69,https://www.virustotal.com/gui/file/eb24370166021f9243fd98c0be7b22ab8cbc22147c15ecef8e75746eb484bb1a/detection/f-eb24370166021f9243fd98c0be7b22ab8cbc22147c15ecef8e75746eb484bb1a-1635240439
"A0A5E48066B0B6FEEECA25746D0EF933 -----> The requested resource is not among the finished, queued or pending scans",,,,,,,
743edf989324fe3673cc05d95e1554054d5606df3677ca75cdc58426e753dcb2-1631439313,12-09-2021 09:35,743edf989324fe3673cc05d95e1554054d5606df3677ca75cdc58426e753dcb2,76279e5975fa5f12afaf3e7c233e494fd21150b9,2dbb88b9fd64e835e248867dc83521a0,56,68,https://www.virustotal.com/gui/file/743edf989324fe3673cc05d95e1554054d5606df3677ca75cdc58426e753dcb2/detection/f-743edf989324fe3673cc05d95e1554054d5606df3677ca75cdc58426e753dcb2-1631439313
"0AF8D0286826571374148584C1D064FD -----> The requested resource is not among the finished, queued or pending scans",,,,,,,
6930e4389287314c77a44f04df2bd1afa616733f6d04d0c36c19d6fe3e5c8592-1629272280,18-08-2021 07:38,6930e4389287314c77a44f04df2bd1afa616733f6d04d0c36c19d6fe3e5c8592,50565ac937498b73ad64d4b47e3550e2cbf77fae,429aabdae98e2c80cc2b7562ba2bc279,11,67,https://www.virustotal.com/gui/file/6930e4389287314c77a44f04df2bd1afa616733f6d04d0c36c19d6fe3e5c8592/detection/f-6930e4389287314c77a44f04df2bd1afa616733f6d04d0c36c19d6fe3e5c8592-1629272280
"44AB6A4D6E901C51692FE7195344EA47 -----> The requested resource is not among the finished, queued or pending scans",,,,,,,
"58AE6F9651A8E5E0075C09EBDE188926 -----> The requested resource is not among the finished, queued or pending scans",,,,,,,
a8cc637b9cc836dbd86af7264368ce79c532344bf1cdec63d47ae6d39026408e-1629280695,18-08-2021 09:58,a8cc637b9cc836dbd86af7264368ce79c532344bf1cdec63d47ae6d39026408e,b2aca742a766df48e25d2ff420ca8d518c02b421,64d6384795bc0c3692b17af3a80a60c9,0,68,https://www.virustotal.com/gui/file/a8cc637b9cc836dbd86af7264368ce79c532344bf1cdec63d47ae6d39026408e/detection/f-a8cc637b9cc836dbd86af7264368ce79c532344bf1cdec63d47ae6d39026408e-1629280695
14e801fbb5190005a8c78fa00d348ec6d179d6b7552bb90f88486b3073a28253-1633394039,05-10-2021 00:33,14e801fbb5190005a8c78fa00d348ec6d179d6b7552bb90f88486b3073a28253,ad50464c3024f0c4858a805bdbf2c828779d3b04,2fa7683ea7bb2ade8e5331e99fd14d0e,7,67,https://www.virustotal.com/gui/file/14e801fbb5190005a8c78fa00d348ec6d179d6b7552bb90f88486b3073a28253/detection/f-14e801fbb5190005a8c78fa00d348ec6d179d6b7552bb90f88486b3073a28253-1633394039
996f0cfc36e60fdbdcb535a380506dfc3e0dbb20a7b5707015f7675be2a04fb2-1631538537,13-09-2021 13:08,996f0cfc36e60fdbdcb535a380506dfc3e0dbb20a7b5707015f7675be2a04fb2,230982a08f1253cb16c8535e2731d8f4ce8d45ef,39d83c8d85a31d864f8da1dbd0613236,54,68,https://www.virustotal.com/gui/file/996f0cfc36e60fdbdcb535a380506dfc3e0dbb20a7b5707015f7675be2a04fb2/detection/f-996f0cfc36e60fdbdcb535a380506dfc3e0dbb20a7b5707015f7675be2a04fb2-1631538537
2777bc7e5fef107b34e2d28c96858c51081414e299c551d4df14f9d8a9131feb-1632458589,24-09-2021 04:43,2777bc7e5fef107b34e2d28c96858c51081414e299c551d4df14f9d8a9131feb,5742f45625b03fdc67bf1620e0c81672c8db5c66,abc41503982f0541289bb87a62fcdf46,27,67,https://www.virustotal.com/gui/file/2777bc7e5fef107b34e2d28c96858c51081414e299c551d4df14f9d8a9131feb/detection/f-2777bc7e5fef107b34e2d28c96858c51081414e299c551d4df14f9d8a9131feb-1632458589
9c532b1f2d1cf039f988dd66fc7fe6386e6d856cb6b4e2083ce099dadaf9c1f5-1629696943,23-08-2021 05:35,9c532b1f2d1cf039f988dd66fc7fe6386e6d856cb6b4e2083ce099dadaf9c1f5,4c0032b852aa212c116361c5f1c0e6eeaa9672bd,bc55d55f2727888c8f0bfe5df4c610e3,1,66,https://www.virustotal.com/gui/file/9c532b1f2d1cf039f988dd66fc7fe6386e6d856cb6b4e2083ce099dadaf9c1f5/detection/f-9c532b1f2d1cf039f988dd66fc7fe6386e6d856cb6b4e2083ce099dadaf9c1f5-1629696943
c9387a7ff5b6a807cdf2c38266a2613b9e7bcc8bf3d8b14d6a471ab25397f4f3-1634196206,14-10-2021 07:23,c9387a7ff5b6a807cdf2c38266a2613b9e7bcc8bf3d8b14d6a471ab25397f4f3,74868564b6b355a21119630b8430e009e4fdd101,dfbf27fcbc6de1135d4bebe9f5df7321,1,68,https://www.virustotal.com/gui/file/c9387a7ff5b6a807cdf2c38266a2613b9e7bcc8bf3d8b14d6a471ab25397f4f3/detection/f-c9387a7ff5b6a807cdf2c38266a2613b9e7bcc8bf3d8b14d6a471ab25397f4f3-1634196206
"3726FC00D4229C08BCD60540FFABBA5B -----> The requested resource is not among the finished, queued or pending scans",,,,,,,
"B1785B861D31BC1C6F17A8FA8A5D53F3 -----> The requested resource is not among the finished, queued or pending scans",,,,,,,
"84772A42337D994CAA2D695992564821 -----> The requested resource is not among the finished, queued or pending scans",,,,,,,
"84772A42337D994CAA2D695992564821 -----> The requested resource is not among the finished, queued or pending scans",,,,,,,
c4b7c4249f7d88695564fcd9fb97ef7792b0e889c3aa58c79d1e070fc1fc43e5-1632300072,22-09-2021 08:41,c4b7c4249f7d88695564fcd9fb97ef7792b0e889c3aa58c79d1e070fc1fc43e5,e1ec9534c98c574feb852ef5e245fe79515bfa71,8e5413724aedbbcf4b1fefed3f35ef25,5,67,https://www.virustotal.com/gui/file/c4b7c4249f7d88695564fcd9fb97ef7792b0e889c3aa58c79d1e070fc1fc43e5/detection/f-c4b7c4249f7d88695564fcd9fb97ef7792b0e889c3aa58c79d1e070fc1fc43e5-1632300072
"9FC2D22B828F11E8A181E550373B5CF2 -----> The requested resource is not among the finished, queued or pending scans",,,,,,,
"C3D656093E44530CE0E1E7F4364BD58B -----> The requested resource is not among the finished, queued or pending scans",,,,,,,
65dee75f5d4f0d7e0c1065a689ebe79f67c87a4d3d9654193164128e859a0ddd-1629961375,26-08-2021 07:02,65dee75f5d4f0d7e0c1065a689ebe79f67c87a4d3d9654193164128e859a0ddd,819364784cf0d3fe440b6c9a3950de7fa093e805,e16f915796d4762014fc3864d4444ac3,43,68,https://www.virustotal.com/gui/file/65dee75f5d4f0d7e0c1065a689ebe79f67c87a4d3d9654193164128e859a0ddd/detection/f-65dee75f5d4f0d7e0c1065a689ebe79f67c87a4d3d9654193164128e859a0ddd-1629961375
8ac720b6a586ac61e67bcb5b7e10395c57b058203006f0d4657ce6ca3e3bf584-1635135050,25-10-2021 04:10,8ac720b6a586ac61e67bcb5b7e10395c57b058203006f0d4657ce6ca3e3bf584,dd27965ffc63b49e43b0dad37361446ff9689699,065157829eb84b4f03e15480ca59825f,34,65,https://www.virustotal.com/gui/file/8ac720b6a586ac61e67bcb5b7e10395c57b058203006f0d4657ce6ca3e3bf584/detection/f-8ac720b6a586ac61e67bcb5b7e10395c57b058203006f0d4657ce6ca3e3bf584-1635135050
"2C634F5739DE44172E794C92C2E1E49B -----> The requested resource is not among the finished, queued or pending scans",,,,,,,
cafe54e85c539671c94abdeb4b8adbef3bde8655006003088760d04a86b5f915-1635502379,29-10-2021 10:12,cafe54e85c539671c94abdeb4b8adbef3bde8655006003088760d04a86b5f915,cb590e4eaab33bba84082f3acbe01f35e1ce710f,f08e24f57501f2c4e009b6a7d9249e99,50,69,https://www.virustotal.com/gui/file/cafe54e85c539671c94abdeb4b8adbef3bde8655006003088760d04a86b5f915/detection/f-cafe54e85c539671c94abdeb4b8adbef3bde8655006003088760d04a86b5f915-1635502379
"054758032CEC764D067D98000843A5E9 -----> The requested resource is not among the finished, queued or pending scans",,,,,,,
"1a8eb65c9bb26a9b37c97d83e1d000ae -----> The requested resource is not among the finished, queued or pending scans",,,,,,,
"222e8d2330a330387a5cf876427459d1 -----> The requested resource is not among the finished, queued or pending scans",,,,,,,
"2895ae3c7c7f81fb4869d75cef08c399 -----> The requested resource is not among the finished, queued or pending scans",,,,,,,
"7fce508963e41638b5efb4e3437c8bb8 -----> The requested resource is not among the finished, queued or pending scans",,,,,,,
"86efb85c62ed6ac120b20a3282f428a2 -----> The requested resource is not among the finished, queued or pending scans",,,,,,,
"8efa182da9698e12af467b922da88c36 -----> The requested resource is not among the finished, queued or pending scans",,,,,,,
"a4dee6f5d7084076ca5704a7c9a97583 -----> The requested resource is not among the finished, queued or pending scans",,,,,,,
"1FE3593B5BB17888528349AF9563DEBB -----> The requested resource is not among the finished, queued or pending scans",,,,,,,
703cf8f0d63094194cb1336a25d5dc66198682ca7d8e062fd7b925e5fa71e285-1634588239,18-10-2021 20:17,703cf8f0d63094194cb1336a25d5dc66198682ca7d8e062fd7b925e5fa71e285,85f5f040fb749c78ead6720a17f5308e38f6cc33,38cc4abbccf47c8c06f265602e0afd81,32,68,https://www.virustotal.com/gui/file/703cf8f0d63094194cb1336a25d5dc66198682ca7d8e062fd7b925e5fa71e285/detection/f-703cf8f0d63094194cb1336a25d5dc66198682ca7d8e062fd7b925e5fa71e285-1634588239
"68DEDF55FA634001CF5409AB97102182 -----> The requested resource is not among the finished, queued or pending scans",,,,,,,
"1FE3593B5BB17888528349AF9563DEBB -----> The requested resource is not among the finished, queued or pending scans",,,,,,,
"8605B28CFC77C4CBC970AB493A662AF0 -----> The requested resource is not among the finished, queued or pending scans",,,,,,,
417c8fe75e35748881bdb4584579a594440f4bc2eb6508ea56d5e0233c5f253b-1632277782,22-09-2021 02:29,417c8fe75e35748881bdb4584579a594440f4bc2eb6508ea56d5e0233c5f253b,6155bca5ff162e58ceeee03ffc20178418291ff8,f19cfddb571831e2e91b5886e5fe829b,41,68,https://www.virustotal.com/gui/file/417c8fe75e35748881bdb4584579a594440f4bc2eb6508ea56d5e0233c5f253b/detection/f-417c8fe75e35748881bdb4584579a594440f4bc2eb6508ea56d5e0233c5f253b-1632277782
f923db34d9ef6ce33613d39999621dc820a13704d01a52c8a058dcf2570d2137-1633795941,09-10-2021 16:12,f923db34d9ef6ce33613d39999621dc820a13704d01a52c8a058dcf2570d2137,a4fc95c099486eedcb167adce595d88e445397a2,f39998196e43d17e2d5fed5cdb4abec3,17,67,https://www.virustotal.com/gui/file/f923db34d9ef6ce33613d39999621dc820a13704d01a52c8a058dcf2570d2137/detection/f-f923db34d9ef6ce33613d39999621dc820a13704d01a52c8a058dcf2570d2137-1633795941
b0b8e61c9e20822a37af5b000079a792f17e382b3eafa31c000f4589a7c96405-1630597426,02-09-2021 15:43,b0b8e61c9e20822a37af5b000079a792f17e382b3eafa31c000f4589a7c96405,5e1d347d2b040418ffbd4615fa32f3817fbadc33,01c4eb60339048498e9015d2e13adfa0,34,68,https://www.virustotal.com/gui/file/b0b8e61c9e20822a37af5b000079a792f17e382b3eafa31c000f4589a7c96405/detection/f-b0b8e61c9e20822a37af5b000079a792f17e382b3eafa31c000f4589a7c96405-1630597426
"597B6DF7CF776B5A1C8B7001B21BA80D -----> The requested resource is not among the finished, queued or pending scans",,,,,,,
"A78D1DB37F33477E34EB704619A0EB7C -----> The requested resource is not among the finished, queued or pending scans",,,,,,,
"ED2F82A708DEC15B0C00A9EBB800A49B -----> The requested resource is not among the finished, queued or pending scans",,,,,,,
141c20c2b38c97a455356282a9f21b9433c6e8cc12b1b9c066012a892a5de449-1631298604,10-09-2021 18:30,141c20c2b38c97a455356282a9f21b9433c6e8cc12b1b9c066012a892a5de449,85fc35e60f3d587a157f855d2c81a3ab1415f8b7,f4ded77660a126cfc9d04fc3e8eebb0e,45,69,https://www.virustotal.com/gui/file/141c20c2b38c97a455356282a9f21b9433c6e8cc12b1b9c066012a892a5de449/detection/f-141c20c2b38c97a455356282a9f21b9433c6e8cc12b1b9c066012a892a5de449-1631298604
"7336D4CFAC54503282B37E4A859F46A9 -----> The requested resource is not among the finished, queued or pending scans",,,,,,,
"7FC43AC8A62EAB9E7E1D1BDD3C1ACE9E -----> The requested resource is not among the finished, queued or pending scans",,,,,,,
85fd9afd23692cb738d1ee9ea9c60c8b8ed5d3cff15a3ed4141da82d61a5577c-1631970271,18-09-2021 13:04,85fd9afd23692cb738d1ee9ea9c60c8b8ed5d3cff15a3ed4141da82d61a5577c,195ff39ed7b4701adb0e8e90edafdac489c5babd,ea5d15be1011e2126f95d4d61c7e6d0e,15,66,https://www.virustotal.com/gui/file/85fd9afd23692cb738d1ee9ea9c60c8b8ed5d3cff15a3ed4141da82d61a5577c/detection/f-85fd9afd23692cb738d1ee9ea9c60c8b8ed5d3cff15a3ed4141da82d61a5577c-1631970271
c8680d889af1570c5b40f58584e79a9ced6a02e86a87c0563a7bf5e272fde625-1634131405,13-10-2021 13:23,c8680d889af1570c5b40f58584e79a9ced6a02e86a87c0563a7bf5e272fde625,0198250c6dab4217e2ac7f3181237b166edb54b7,2134d4ac3b876ad8562272c605aa057f,0,58,https://www.virustotal.com/gui/file/c8680d889af1570c5b40f58584e79a9ced6a02e86a87c0563a7bf5e272fde625/detection/f-c8680d889af1570c5b40f58584e79a9ced6a02e86a87c0563a7bf5e272fde625-1634131405
ebe56a9c4d9187cdeea063f22a8ef81071cf9ab5c31f3125aeec26014cbb24e1-1630905478,06-09-2021 05:17,ebe56a9c4d9187cdeea063f22a8ef81071cf9ab5c31f3125aeec26014cbb24e1,e82136b9bcaf0e7a4de79623e3c98c5741118b23,1d1bf700c95a45a5c2d3266fa2f1635d,4,66,https://www.virustotal.com/gui/file/ebe56a9c4d9187cdeea063f22a8ef81071cf9ab5c31f3125aeec26014cbb24e1/detection/f-ebe56a9c4d9187cdeea063f22a8ef81071cf9ab5c31f3125aeec26014cbb24e1-1630905478
a166c132c3468b56a1c7723821d68f67d754ba5e3a04b3360f49de1203843361-1634570067,18-10-2021 15:14,a166c132c3468b56a1c7723821d68f67d754ba5e3a04b3360f49de1203843361,c3a030e91e38fbd6024424bc666cb874f268a251,51d5ed33c76eaff65204e915b5959830,2,66,https://www.virustotal.com/gui/file/a166c132c3468b56a1c7723821d68f67d754ba5e3a04b3360f49de1203843361/detection/f-a166c132c3468b56a1c7723821d68f67d754ba5e3a04b3360f49de1203843361-1634570067
6b6faf5cf5d8679554f74b62d20e546c34c35aa24f51a0359c117800f79964c1-1634942174,22-10-2021 22:36,6b6faf5cf5d8679554f74b62d20e546c34c35aa24f51a0359c117800f79964c1,30c5d54e555a8e7d5770b845cbf2d1a473312ba4,a9395d0cbe8ac0c3b05e40e95959397b,22,67,https://www.virustotal.com/gui/file/6b6faf5cf5d8679554f74b62d20e546c34c35aa24f51a0359c117800f79964c1/detection/f-6b6faf5cf5d8679554f74b62d20e546c34c35aa24f51a0359c117800f79964c1-1634942174
47665139d4ec0617fc039d91ed70a6b45ee32cab806d8d2151066892da1d613f-1630909140,06-09-2021 06:19,47665139d4ec0617fc039d91ed70a6b45ee32cab806d8d2151066892da1d613f,888bacb546539a82d1239c9e04d1f75e2ffd0710,d10df5c7ec6041691752d17836c43ca8,10,66,https://www.virustotal.com/gui/file/47665139d4ec0617fc039d91ed70a6b45ee32cab806d8d2151066892da1d613f/detection/f-47665139d4ec0617fc039d91ed70a6b45ee32cab806d8d2151066892da1d613f-1630909140
21ec0addc73e6823ac2a6dd9a90690aab53149e33444c80100771d84d0e97353-1631416996,12-09-2021 03:23,21ec0addc73e6823ac2a6dd9a90690aab53149e33444c80100771d84d0e97353,7b543771e9318c7496553e80f159fb15b4baab08,d45a94a569e284f4ce39673ce1cdbe40,33,69,https://www.virustotal.com/gui/file/21ec0addc73e6823ac2a6dd9a90690aab53149e33444c80100771d84d0e97353/detection/f-21ec0addc73e6823ac2a6dd9a90690aab53149e33444c80100771d84d0e97353-1631416996
"280EDAA3D848B87BD06F667E912EA864 -----> The requested resource is not among the finished, queued or pending scans",,,,,,,
db6cfb09c6a726622bf19b73b3720841e7b0d218bec3b53cd3f750058f813fd9-1634161619,13-10-2021 21:46,db6cfb09c6a726622bf19b73b3720841e7b0d218bec3b53cd3f750058f813fd9,ba50c52879854adfe71dcc2f26a8bc03e9c26ad1,4db34d0c859868c0ece2e39ec7e844bc,11,65,https://www.virustotal.com/gui/file/db6cfb09c6a726622bf19b73b3720841e7b0d218bec3b53cd3f750058f813fd9/detection/f-db6cfb09c6a726622bf19b73b3720841e7b0d218bec3b53cd3f750058f813fd9-1634161619
"E4FD2965002E4E7BC638A11B63E27255 -----> The requested resource is not among the finished, queued or pending scans",,,,,,,
3e926acd887b88c1f1b6d486f8184f333a39bdc9b7314a38386895b9e3dc8c64-1633037654,30-09-2021 21:34,3e926acd887b88c1f1b6d486f8184f333a39bdc9b7314a38386895b9e3dc8c64,8b5a8bf4891951da3bb8f7381cdd7544dbaed04c,4105ef965af93837ee4453ce62a55262,14,67,https://www.virustotal.com/gui/file/3e926acd887b88c1f1b6d486f8184f333a39bdc9b7314a38386895b9e3dc8c64/detection/f-3e926acd887b88c1f1b6d486f8184f333a39bdc9b7314a38386895b9e3dc8c64-1633037654
3903f8a278a4ee89584ff1322c7216918b2e2f83de6eb58f908e304210473e6f-1631690129,15-09-2021 07:15,3903f8a278a4ee89584ff1322c7216918b2e2f83de6eb58f908e304210473e6f,8e98ee723ab12d4ea8b7c012c7b5a82c792243d2,5d12fbcaaa5bfd69108733c9be07e129,44,66,https://www.virustotal.com/gui/file/3903f8a278a4ee89584ff1322c7216918b2e2f83de6eb58f908e304210473e6f/detection/f-3903f8a278a4ee89584ff1322c7216918b2e2f83de6eb58f908e304210473e6f-1631690129
e2663b7df06923e09e6e37fbca17978ab8f4e0cb64073e13d8cac9f1521a477a-1631503109,13-09-2021 03:18,e2663b7df06923e09e6e37fbca17978ab8f4e0cb64073e13d8cac9f1521a477a,4208979a10e338e94d2edc05d723d971c5d2f589,7746b93dfdeb5d3b5c6144ab714c045d,7,66,https://www.virustotal.com/gui/file/e2663b7df06923e09e6e37fbca17978ab8f4e0cb64073e13d8cac9f1521a477a/detection/f-e2663b7df06923e09e6e37fbca17978ab8f4e0cb64073e13d8cac9f1521a477a-1631503109
"97AAD360235EFAA754311DFD26140B28 -----> The requested resource is not among the finished, queued or pending scans",,,,,,,
48fdc9fb2810396991f616e9c461a8336c23ebae7d83d88eee2fffdc5fcf70c5-1633370879,04-10-2021 18:07,48fdc9fb2810396991f616e9c461a8336c23ebae7d83d88eee2fffdc5fcf70c5,2b3ea88a1f8433d0d7964725614c0afdf799d769,a71d1add532dc89ca34c3aef31cf1576,8,67,https://www.virustotal.com/gui/file/48fdc9fb2810396991f616e9c461a8336c23ebae7d83d88eee2fffdc5fcf70c5/detection/f-48fdc9fb2810396991f616e9c461a8336c23ebae7d83d88eee2fffdc5fcf70c5-1633370879
"DA48C6B947856C51F70A8ECDB270272D -----> The requested resource is not among the finished, queued or pending scans",,,,,,,
"0B298AEA117D75732508620DD1E97231 -----> The requested resource is not among the finished, queued or pending scans",,,,,,,
fb9792e793e280df0448ea45e6b38be1dfd673f8a7e5a448200c1dfe6485d9f5-1632191873,21-09-2021 02:37,fb9792e793e280df0448ea45e6b38be1dfd673f8a7e5a448200c1dfe6485d9f5,f19025bdd485ba86914294e4a576e430e040fbf5,1c1e4398595113733a8b54be81f78c96,48,68,https://www.virustotal.com/gui/file/fb9792e793e280df0448ea45e6b38be1dfd673f8a7e5a448200c1dfe6485d9f5/detection/f-fb9792e793e280df0448ea45e6b38be1dfd673f8a7e5a448200c1dfe6485d9f5-1632191873
fb9792e793e280df0448ea45e6b38be1dfd673f8a7e5a448200c1dfe6485d9f5-1632191873,21-09-2021 02:37,fb9792e793e280df0448ea45e6b38be1dfd673f8a7e5a448200c1dfe6485d9f5,f19025bdd485ba86914294e4a576e430e040fbf5,1c1e4398595113733a8b54be81f78c96,48,68,https://www.virustotal.com/gui/file/fb9792e793e280df0448ea45e6b38be1dfd673f8a7e5a448200c1dfe6485d9f5/detection/f-fb9792e793e280df0448ea45e6b38be1dfd673f8a7e5a448200c1dfe6485d9f5-1632191873
d7b2679494af7d78ed63985f77716e19c9afcf72660eba291c5127a23b87bd94-1631519644,13-09-2021 07:54,d7b2679494af7d78ed63985f77716e19c9afcf72660eba291c5127a23b87bd94,b457af79691efb83494d3bb6b835040d954eba56,726bcb9982bd4dab466d2d745c426355,0,66,https://www.virustotal.com/gui/file/d7b2679494af7d78ed63985f77716e19c9afcf72660eba291c5127a23b87bd94/detection/f-d7b2679494af7d78ed63985f77716e19c9afcf72660eba291c5127a23b87bd94-1631519644
e2663b7df06923e09e6e37fbca17978ab8f4e0cb64073e13d8cac9f1521a477a-1631503109,13-09-2021 03:18,e2663b7df06923e09e6e37fbca17978ab8f4e0cb64073e13d8cac9f1521a477a,4208979a10e338e94d2edc05d723d971c5d2f589,7746b93dfdeb5d3b5c6144ab714c045d,7,66,https://www.virustotal.com/gui/file/e2663b7df06923e09e6e37fbca17978ab8f4e0cb64073e13d8cac9f1521a477a/detection/f-e2663b7df06923e09e6e37fbca17978ab8f4e0cb64073e13d8cac9f1521a477a-1631503109
48fdc9fb2810396991f616e9c461a8336c23ebae7d83d88eee2fffdc5fcf70c5-1633370879,04-10-2021 18:07,48fdc9fb2810396991f616e9c461a8336c23ebae7d83d88eee2fffdc5fcf70c5,2b3ea88a1f8433d0d7964725614c0afdf799d769,a71d1add532dc89ca34c3aef31cf1576,8,67,https://www.virustotal.com/gui/file/48fdc9fb2810396991f616e9c461a8336c23ebae7d83d88eee2fffdc5fcf70c5/detection/f-48fdc9fb2810396991f616e9c461a8336c23ebae7d83d88eee2fffdc5fcf70c5-1633370879
"DA48C6B947856C51F70A8ECDB270272D -----> The requested resource is not among the finished, queued or pending scans",,,,,,,
76dd6ff73e2249de5c3e2d4054f372df0c4435e14c0c776b2d74da032949b8af-1631532863,13-09-2021 11:34,76dd6ff73e2249de5c3e2d4054f372df0c4435e14c0c776b2d74da032949b8af,e55c6bd517a463d8ab980ab3e205205c4498090c,4b0afeb88e685f7c3728191803932987,0,57,https://www.virustotal.com/gui/file/76dd6ff73e2249de5c3e2d4054f372df0c4435e14c0c776b2d74da032949b8af/detection/f-76dd6ff73e2249de5c3e2d4054f372df0c4435e14c0c776b2d74da032949b8af-1631532863
d975c2fe8c4714c2a1fe2173f3e1ff585612c1a3e55de6e9fd328b5fc310de1a-1632316235,22-09-2021 13:10,d975c2fe8c4714c2a1fe2173f3e1ff585612c1a3e55de6e9fd328b5fc310de1a,81d5eda25610bd85f680e0e7be368d1a4c65db29,187baeaed91acc6379fe883a49c340d4,51,68,https://www.virustotal.com/gui/file/d975c2fe8c4714c2a1fe2173f3e1ff585612c1a3e55de6e9fd328b5fc310de1a/detection/f-d975c2fe8c4714c2a1fe2173f3e1ff585612c1a3e55de6e9fd328b5fc310de1a-1632316235
ff257219b5382cf10b73b0358327ee4c1e8c14e9678f5290f007d0a27ee60009-1632054902,19-09-2021 12:35,ff257219b5382cf10b73b0358327ee4c1e8c14e9678f5290f007d0a27ee60009,ae3ef01869992793d7b478bb7faec43f5e33dbe7,8c9db6b54eacf445be86e33164f09d9a,48,69,https://www.virustotal.com/gui/file/ff257219b5382cf10b73b0358327ee4c1e8c14e9678f5290f007d0a27ee60009/detection/f-ff257219b5382cf10b73b0358327ee4c1e8c14e9678f5290f007d0a27ee60009-1632054902
